Seed,Epoch,Loss,Accuracy,Iteration,Total_iter
1,1,2.3035998344421387,5.76171875,1,177
1,1,2.269716262817383,23.53515625,2,177
1,1,2.236255168914795,33.984375,3,177
1,1,2.193143367767334,40.625,4,177
1,1,2.142448902130127,43.9453125,5,177
1,1,2.078538417816162,48.828125,6,177
1,1,2.002272367477417,53.61328125,7,177
1,1,1.9198994636535645,56.0546875,8,177
1,1,1.8191711902618408,62.40234375,9,177
1,1,1.758819580078125,65.72265625,10,177
1,1,1.6526007652282715,66.30859375,11,177
1,1,1.5654449462890625,67.1875,12,177
1,1,1.4738528728485107,70.1171875,13,177
1,1,1.3656947612762451,73.92578125,14,177
1,1,1.2502381801605225,76.7578125,15,177
1,1,1.1231735944747925,78.3203125,16,177
1,1,1.102013349533081,77.5390625,17,177
1,1,0.9847890138626099,80.2734375,18,177
1,1,0.9404486417770386,79.58984375,19,177
1,1,0.7989687919616699,82.8125,20,177
1,1,0.7529019713401794,83.69140625,21,177
1,1,0.7083127498626709,84.47265625,22,177
1,1,0.6987403631210327,82.51953125,23,177
1,1,0.6402735710144043,83.3984375,24,177
1,1,0.6293789148330688,83.30078125,25,177
1,1,0.5931838750839233,83.59375,26,177
1,1,0.5553131103515625,86.03515625,27,177
1,1,0.5052547454833984,87.20703125,28,177
1,1,0.5335323810577393,84.08203125,29,177
1,1,0.5366271734237671,83.203125,30,177
1,1,0.49625763297080994,87.3046875,31,177
1,1,0.47114092111587524,86.42578125,32,177
1,1,0.47582483291625977,86.42578125,33,177
1,1,0.4312649369239807,87.20703125,34,177
1,1,0.41712912917137146,87.59765625,35,177
1,1,0.42887723445892334,87.79296875,36,177
1,1,0.46945059299468994,87.109375,37,177
1,1,0.34995031356811523,89.0625,38,177
1,1,0.3983199894428253,88.0859375,39,177
1,1,0.4075600206851959,87.20703125,40,177
1,1,0.4252347946166992,87.3046875,41,177
1,1,0.3434002995491028,90.52734375,42,177
1,1,0.3551982045173645,89.453125,43,177
1,1,0.3645757734775543,89.84375,44,177
1,1,0.33633631467819214,89.453125,45,177
1,1,0.3952025771141052,88.37890625,46,177
1,1,0.31292909383773804,90.72265625,47,177
1,1,0.35554713010787964,90.4296875,48,177
1,1,0.39771029353141785,89.453125,49,177
1,1,0.30974113941192627,91.015625,50,177
1,1,0.3648391366004944,88.28125,51,177
1,1,0.33560237288475037,90.4296875,52,177
1,1,0.3813375234603882,89.2578125,53,177
1,1,0.39040571451187134,88.4765625,54,177
1,1,0.3732585906982422,89.0625,55,177
1,1,0.3669680655002594,89.16015625,56,177
1,1,0.38088366389274597,89.6484375,57,177
1,1,0.3197391629219055,91.50390625,58,177
1,1,0.333477258682251,89.96710777282715,59,177
1,2,0.3364908695220947,89.94140625,60,177
1,2,0.32063162326812744,90.234375,61,177
1,2,0.2957817614078522,90.234375,62,177
1,2,0.2933872938156128,92.08984375,63,177
1,2,0.32336562871932983,90.0390625,64,177
1,2,0.31902530789375305,91.015625,65,177
1,2,0.30756375193595886,91.2109375,66,177
1,2,0.33966222405433655,91.796875,67,177
1,2,0.30723297595977783,91.69921875,68,177
1,2,0.2673226594924927,92.3828125,69,177
1,2,0.30004552006721497,92.08984375,70,177
1,2,0.27682703733444214,91.89453125,71,177
1,2,0.2574891746044159,92.28515625,72,177
1,2,0.29530131816864014,91.40625,73,177
1,2,0.2795639634132385,91.2109375,74,177
1,2,0.2752394676208496,92.1875,75,177
1,2,0.3199712634086609,88.8671875,76,177
1,2,0.32263320684432983,90.625,77,177
1,2,0.29385554790496826,91.796875,78,177
1,2,0.31230950355529785,91.2109375,79,177
1,2,0.321036159992218,90.8203125,80,177
1,2,0.31170010566711426,91.015625,81,177
1,2,0.2857475280761719,91.69921875,82,177
1,2,0.2771451771259308,92.3828125,83,177
1,2,0.2671732008457184,92.3828125,84,177
1,2,0.2736208140850067,92.7734375,85,177
1,2,0.22235825657844543,93.65234375,86,177
1,2,0.27076423168182373,92.08984375,87,177
1,2,0.2736233174800873,92.3828125,88,177
1,2,0.27987736463546753,91.796875,89,177
1,2,0.2812437117099762,91.11328125,90,177
1,2,0.27977216243743896,92.08984375,91,177
1,2,0.3104623556137085,90.13671875,92,177
1,2,0.28666359186172485,91.11328125,93,177
1,2,0.3105736970901489,91.50390625,94,177
1,2,0.2746841311454773,92.48046875,95,177
1,2,0.23987706005573273,93.359375,96,177
1,2,0.32680726051330566,91.89453125,97,177
1,2,0.19809134304523468,95.01953125,98,177
1,2,0.3261062800884247,91.30859375,99,177
1,2,0.2423723042011261,93.26171875,100,177
1,2,0.24572309851646423,93.06640625,101,177
1,2,0.300187885761261,91.50390625,102,177
1,2,0.25519150495529175,91.9921875,103,177
1,2,0.2771838903427124,91.30859375,104,177
1,2,0.28471145033836365,92.3828125,105,177
1,2,0.30460256338119507,91.2109375,106,177
1,2,0.25884124636650085,92.7734375,107,177
1,2,0.2938394546508789,91.40625,108,177
1,2,0.27816540002822876,92.67578125,109,177
1,2,0.22202712297439575,93.359375,110,177
1,2,0.2832692861557007,91.9921875,111,177
1,2,0.26274383068084717,91.796875,112,177
1,2,0.2684668302536011,91.40625,113,177
1,2,0.2271772027015686,94.53125,114,177
1,2,0.2638772428035736,92.7734375,115,177
1,2,0.2047213912010193,94.62890625,116,177
1,2,0.26710450649261475,92.7734375,117,177
1,2,0.20731396973133087,94.24341917037964,118,177
1,3,0.2045968770980835,94.04296875,119,177
1,3,0.23216694593429565,93.5546875,120,177
1,3,0.23669546842575073,93.9453125,121,177
1,3,0.2136322259902954,94.04296875,122,177
1,3,0.22746756672859192,93.5546875,123,177
1,3,0.2461358606815338,92.48046875,124,177
1,3,0.1998453587293625,94.04296875,125,177
1,3,0.22205808758735657,93.45703125,126,177
1,3,0.23056358098983765,93.9453125,127,177
1,3,0.2151358276605606,94.3359375,128,177
1,3,0.2284121811389923,93.75,129,177
1,3,0.2369452863931656,93.06640625,130,177
1,3,0.26206591725349426,91.9921875,131,177
1,3,0.23174594342708588,93.359375,132,177
1,3,0.2588018774986267,93.26171875,133,177
1,3,0.20226949453353882,94.43359375,134,177
1,3,0.20917141437530518,94.62890625,135,177
1,3,0.22282147407531738,93.45703125,136,177
1,3,0.23990598320960999,94.3359375,137,177
1,3,0.19042006134986877,94.53125,138,177
1,3,0.2135010063648224,94.04296875,139,177
1,3,0.17410004138946533,95.5078125,140,177
1,3,0.22174343466758728,92.96875,141,177
1,3,0.21192403137683868,94.7265625,142,177
1,3,0.22795255482196808,93.1640625,143,177
1,3,0.24719560146331787,92.67578125,144,177
1,3,0.2135821282863617,93.84765625,145,177
1,3,0.20360438525676727,94.43359375,146,177
1,3,0.1891852617263794,94.82421875,147,177
1,3,0.1762123554944992,94.43359375,148,177
1,3,0.2405705749988556,92.7734375,149,177
1,3,0.17725640535354614,94.7265625,150,177
1,3,0.19478335976600647,94.140625,151,177
1,3,0.1908114105463028,93.9453125,152,177
1,3,0.25719374418258667,92.7734375,153,177
1,3,0.2128923237323761,94.43359375,154,177
1,3,0.19724330306053162,94.3359375,155,177
1,3,0.20048001408576965,93.84765625,156,177
1,3,0.18276064097881317,94.53125,157,177
1,3,0.20389875769615173,94.62890625,158,177
1,3,0.2081587314605713,94.140625,159,177
1,3,0.2312629669904709,93.45703125,160,177
1,3,0.22410500049591064,93.65234375,161,177
1,3,0.19317109882831573,93.359375,162,177
1,3,0.19571498036384583,94.3359375,163,177
1,3,0.2411748468875885,93.45703125,164,177
1,3,0.20722723007202148,94.04296875,165,177
1,3,0.20331963896751404,94.23828125,166,177
1,3,0.19479411840438843,94.82421875,167,177
1,3,0.229948952794075,93.65234375,168,177
1,3,0.206202432513237,93.5546875,169,177
1,3,0.19869038462638855,94.921875,170,177
1,3,0.17864146828651428,94.53125,171,177
1,3,0.2363918423652649,93.45703125,172,177
1,3,0.21179062128067017,93.65234375,173,177
1,3,0.19237267971038818,95.1171875,174,177
1,3,0.2269073724746704,94.04296875,175,177
1,3,0.18332114815711975,94.62890625,176,177
1,3,0.2668895125389099,93.25658082962036,177,177
2,1,2.3042283058166504,8.984375,1,177
2,1,2.263432502746582,29.78515625,2,177
2,1,2.2244746685028076,55.95703125,3,177
2,1,2.1806092262268066,62.6953125,4,177
2,1,2.1287522315979004,68.1640625,5,177
2,1,2.056723117828369,67.48046875,6,177
2,1,1.971987247467041,67.08984375,7,177
2,1,1.8966538906097412,66.69921875,8,177
2,1,1.7989108562469482,69.82421875,9,177
2,1,1.6839491128921509,74.31640625,10,177
2,1,1.611495852470398,71.38671875,11,177
2,1,1.491666316986084,74.21875,12,177
2,1,1.39670729637146,74.31640625,13,177
2,1,1.3053224086761475,75.29296875,14,177
2,1,1.1973791122436523,74.12109375,15,177
2,1,1.0803968906402588,79.296875,16,177
2,1,0.989925742149353,81.73828125,17,177
2,1,0.9062212705612183,80.078125,18,177
2,1,0.8496253490447998,82.12890625,19,177
2,1,0.7977513074874878,81.15234375,20,177
2,1,0.7685747742652893,81.15234375,21,177
2,1,0.7125269770622253,81.8359375,22,177
2,1,0.6830342411994934,82.03125,23,177
2,1,0.6467428803443909,82.421875,24,177
2,1,0.5582362413406372,85.15625,25,177
2,1,0.5846118330955505,82.51953125,26,177
2,1,0.5597842931747437,83.30078125,27,177
2,1,0.4909687042236328,85.83984375,28,177
2,1,0.5190385580062866,84.765625,29,177
2,1,0.5096603631973267,85.3515625,30,177
2,1,0.4897248148918152,85.25390625,31,177
2,1,0.4655258059501648,86.03515625,32,177
2,1,0.4492195248603821,86.328125,33,177
2,1,0.42862987518310547,86.9140625,34,177
2,1,0.46577051281929016,88.28125,35,177
2,1,0.4558553099632263,87.6953125,36,177
2,1,0.390578031539917,88.57421875,37,177
2,1,0.44716551899909973,87.3046875,38,177
2,1,0.34686365723609924,89.2578125,39,177
2,1,0.46243882179260254,87.20703125,40,177
2,1,0.40547555685043335,89.2578125,41,177
2,1,0.35645729303359985,89.0625,42,177
2,1,0.41162633895874023,87.98828125,43,177
2,1,0.38664257526397705,88.0859375,44,177
2,1,0.3427736759185791,90.4296875,45,177
2,1,0.390621542930603,88.37890625,46,177
2,1,0.3715789318084717,87.79296875,47,177
2,1,0.39468392729759216,88.4765625,48,177
2,1,0.37597179412841797,89.35546875,49,177
2,1,0.3514392077922821,90.625,50,177
2,1,0.42484697699546814,88.18359375,51,177
2,1,0.3634490966796875,88.28125,52,177
2,1,0.31428655982017517,90.234375,53,177
2,1,0.3562464416027069,88.18359375,54,177
2,1,0.36567872762680054,90.234375,55,177
2,1,0.33221232891082764,90.8203125,56,177
2,1,0.3308348059654236,90.13671875,57,177
2,1,0.31561213731765747,91.89453125,58,177
2,1,0.3469032347202301,89.63815569877625,59,177
2,2,0.32248738408088684,90.8203125,60,177
2,2,0.2648053467273712,92.3828125,61,177
2,2,0.2939315140247345,91.796875,62,177
2,2,0.298515260219574,91.9921875,63,177
2,2,0.28029993176460266,92.7734375,64,177
2,2,0.30675673484802246,91.30859375,65,177
2,2,0.31960994005203247,91.015625,66,177
2,2,0.36746078729629517,89.84375,67,177
2,2,0.33957332372665405,91.50390625,68,177
2,2,0.2961466610431671,91.796875,69,177
2,2,0.3448524475097656,89.84375,70,177
2,2,0.3065156638622284,91.50390625,71,177
2,2,0.3552324175834656,89.55078125,72,177
2,2,0.29144832491874695,91.2109375,73,177
2,2,0.3349868655204773,90.625,74,177
2,2,0.2782527804374695,91.2109375,75,177
2,2,0.34599077701568604,90.4296875,76,177
2,2,0.2873386740684509,91.50390625,77,177
2,2,0.2571931481361389,91.50390625,78,177
2,2,0.2556048035621643,92.28515625,79,177
2,2,0.26787662506103516,91.6015625,80,177
2,2,0.31157186627388,92.87109375,81,177
2,2,0.26749926805496216,91.9921875,82,177
2,2,0.2793091833591461,91.9921875,83,177
2,2,0.31260666251182556,90.52734375,84,177
2,2,0.3059662878513336,91.2109375,85,177
2,2,0.2694019675254822,92.08984375,86,177
2,2,0.2670862078666687,93.1640625,87,177
2,2,0.2712257504463196,91.796875,88,177
2,2,0.297386109828949,91.796875,89,177
2,2,0.23341931402683258,93.45703125,90,177
2,2,0.2779880166053772,91.89453125,91,177
2,2,0.3042230010032654,91.9921875,92,177
2,2,0.2804573178291321,91.6015625,93,177
2,2,0.23859550058841705,94.3359375,94,177
2,2,0.2805323004722595,91.11328125,95,177
2,2,0.2543065547943115,93.359375,96,177
2,2,0.23844729363918304,92.67578125,97,177
2,2,0.24761009216308594,92.28515625,98,177
2,2,0.2569013833999634,92.87109375,99,177
2,2,0.22478973865509033,93.359375,100,177
2,2,0.24338790774345398,93.06640625,101,177
2,2,0.27885520458221436,91.9921875,102,177
2,2,0.2727653980255127,91.9921875,103,177
2,2,0.26204681396484375,93.65234375,104,177
2,2,0.27150389552116394,91.89453125,105,177
2,2,0.2797122597694397,91.11328125,106,177
2,2,0.25976186990737915,93.65234375,107,177
2,2,0.2669585347175598,92.7734375,108,177
2,2,0.21319937705993652,94.04296875,109,177
2,2,0.24720412492752075,92.87109375,110,177
2,2,0.25781145691871643,93.06640625,111,177
2,2,0.2607026994228363,92.08984375,112,177
2,2,0.22603273391723633,93.1640625,113,177
2,2,0.22589929401874542,93.06640625,114,177
2,2,0.2985643744468689,91.11328125,115,177
2,2,0.22486767172813416,93.75,116,177
2,2,0.25455254316329956,92.3828125,117,177
2,2,0.18979227542877197,94.90131735801697,118,177
2,3,0.2528795003890991,92.48046875,119,177
2,3,0.263942152261734,91.6015625,120,177
2,3,0.2226543426513672,94.43359375,121,177
2,3,0.23171809315681458,92.578125,122,177
2,3,0.2285846471786499,92.67578125,123,177
2,3,0.21386021375656128,93.75,124,177
2,3,0.22958222031593323,93.359375,125,177
2,3,0.23011662065982819,92.7734375,126,177
2,3,0.22532886266708374,93.5546875,127,177
2,3,0.23864386975765228,92.48046875,128,177
2,3,0.1988505870103836,94.43359375,129,177
2,3,0.18141356110572815,94.7265625,130,177
2,3,0.23455703258514404,91.69921875,131,177
2,3,0.19062228500843048,94.82421875,132,177
2,3,0.2439659982919693,93.06640625,133,177
2,3,0.17425552010536194,94.7265625,134,177
2,3,0.22220420837402344,92.87109375,135,177
2,3,0.2056785225868225,94.04296875,136,177
2,3,0.21680867671966553,92.7734375,137,177
2,3,0.21214555203914642,94.23828125,138,177
2,3,0.19086779654026031,94.23828125,139,177
2,3,0.20873603224754333,93.5546875,140,177
2,3,0.2618316411972046,92.1875,141,177
2,3,0.21158553659915924,94.23828125,142,177
2,3,0.17982026934623718,95.21484375,143,177
2,3,0.1916145384311676,94.04296875,144,177
2,3,0.15397390723228455,95.21484375,145,177
2,3,0.21237868070602417,94.140625,146,177
2,3,0.22526219487190247,93.45703125,147,177
2,3,0.199527770280838,93.65234375,148,177
2,3,0.22712792456150055,94.04296875,149,177
2,3,0.24806448817253113,93.26171875,150,177
2,3,0.19381844997406006,94.62890625,151,177
2,3,0.2272358238697052,93.65234375,152,177
2,3,0.208894282579422,94.04296875,153,177
2,3,0.19561417400836945,93.75,154,177
2,3,0.1954866647720337,94.82421875,155,177
2,3,0.2272920459508896,94.140625,156,177
2,3,0.16125905513763428,94.921875,157,177
2,3,0.21686774492263794,93.06640625,158,177
2,3,0.21959945559501648,94.82421875,159,177
2,3,0.23310178518295288,93.84765625,160,177
2,3,0.24906647205352783,92.7734375,161,177
2,3,0.21046338975429535,93.9453125,162,177
2,3,0.18949592113494873,94.7265625,163,177
2,3,0.2576010525226593,92.48046875,164,177
2,3,0.20927457511425018,94.3359375,165,177
2,3,0.18734285235404968,95.1171875,166,177
2,3,0.18622872233390808,95.3125,167,177
2,3,0.1775205135345459,94.43359375,168,177
2,3,0.19532041251659393,93.5546875,169,177
2,3,0.20410911738872528,93.9453125,170,177
2,3,0.20305831730365753,94.921875,171,177
2,3,0.20393452048301697,94.140625,172,177
2,3,0.21435633301734924,94.3359375,173,177
2,3,0.22064536809921265,93.84765625,174,177
2,3,0.1851034015417099,95.60546875,175,177
2,3,0.19981226325035095,94.140625,176,177
2,3,0.20285719633102417,94.90131735801697,177,177
3,1,2.309512138366699,9.1796875,1,177
3,1,2.2719454765319824,16.30859375,2,177
3,1,2.2377419471740723,30.078125,3,177
3,1,2.1962509155273438,44.62890625,4,177
3,1,2.142982244491577,57.12890625,5,177
3,1,2.091381072998047,59.765625,6,177
3,1,2.0100250244140625,62.3046875,7,177
3,1,1.9412941932678223,65.13671875,8,177
3,1,1.8500527143478394,68.45703125,9,177
3,1,1.7430462837219238,70.41015625,10,177
3,1,1.6572574377059937,71.875,11,177
3,1,1.5608482360839844,73.2421875,12,177
3,1,1.4530880451202393,77.83203125,13,177
3,1,1.3692190647125244,77.34375,14,177
3,1,1.2789080142974854,77.9296875,15,177
3,1,1.1941654682159424,78.7109375,16,177
3,1,1.0566842555999756,82.6171875,17,177
3,1,0.9871178865432739,82.12890625,18,177
3,1,0.8838162422180176,81.54296875,19,177
3,1,0.8448004126548767,81.640625,20,177
3,1,0.7817001342773438,83.0078125,21,177
3,1,0.7046500444412231,84.66796875,22,177
3,1,0.6842277646064758,82.12890625,23,177
3,1,0.6473294496536255,83.203125,24,177
3,1,0.611739993095398,84.1796875,25,177
3,1,0.5679550766944885,84.86328125,26,177
3,1,0.5454179048538208,84.765625,27,177
3,1,0.5050369501113892,86.03515625,28,177
3,1,0.5198817253112793,85.15625,29,177
3,1,0.5471411347389221,83.30078125,30,177
3,1,0.49240586161613464,85.7421875,31,177
3,1,0.45845329761505127,87.40234375,32,177
3,1,0.45967936515808105,86.42578125,33,177
3,1,0.4619572162628174,85.05859375,34,177
3,1,0.3913775086402893,89.2578125,35,177
3,1,0.46450576186180115,85.64453125,36,177
3,1,0.43915680050849915,87.98828125,37,177
3,1,0.39965933561325073,88.8671875,38,177
3,1,0.3757307827472687,89.55078125,39,177
3,1,0.4461129307746887,86.5234375,40,177
3,1,0.45687055587768555,86.23046875,41,177
3,1,0.4043964743614197,87.20703125,42,177
3,1,0.3618401885032654,89.55078125,43,177
3,1,0.3454532027244568,90.0390625,44,177
3,1,0.36536458134651184,89.2578125,45,177
3,1,0.37738344073295593,88.671875,46,177
3,1,0.33461931347846985,90.625,47,177
3,1,0.37211310863494873,89.55078125,48,177
3,1,0.39002901315689087,88.0859375,49,177
3,1,0.41670459508895874,88.37890625,50,177
3,1,0.4015352427959442,88.18359375,51,177
3,1,0.35241949558258057,89.94140625,52,177
3,1,0.3624650835990906,89.74609375,53,177
3,1,0.33889293670654297,90.13671875,54,177
3,1,0.3083340525627136,89.16015625,55,177
3,1,0.33727210760116577,90.52734375,56,177
3,1,0.2830367684364319,91.11328125,57,177
3,1,0.3242630362510681,90.234375,58,177
3,1,0.33291351795196533,90.46052694320679,59,177
3,2,0.37442854046821594,88.57421875,60,177
3,2,0.3510521948337555,90.33203125,61,177
3,2,0.30879294872283936,91.30859375,62,177
3,2,0.34166669845581055,89.16015625,63,177
3,2,0.3697396516799927,89.6484375,64,177
3,2,0.3279377818107605,91.9921875,65,177
3,2,0.33232495188713074,90.234375,66,177
3,2,0.30341869592666626,91.2109375,67,177
3,2,0.29197919368743896,91.2109375,68,177
3,2,0.2720624804496765,91.796875,69,177
3,2,0.26303261518478394,91.796875,70,177
3,2,0.29695966839790344,91.015625,71,177
3,2,0.31027406454086304,91.11328125,72,177
3,2,0.28241169452667236,91.015625,73,177
3,2,0.29306209087371826,92.08984375,74,177
3,2,0.2923792600631714,92.08984375,75,177
3,2,0.28400954604148865,92.08984375,76,177
3,2,0.30372804403305054,92.1875,77,177
3,2,0.2692700922489166,91.50390625,78,177
3,2,0.2543431222438812,92.578125,79,177
3,2,0.3195446729660034,90.52734375,80,177
3,2,0.29658737778663635,90.72265625,81,177
3,2,0.2811877131462097,92.7734375,82,177
3,2,0.27992817759513855,92.7734375,83,177
3,2,0.2879793643951416,92.3828125,84,177
3,2,0.2954537272453308,91.6015625,85,177
3,2,0.27556824684143066,91.40625,86,177
3,2,0.32193523645401,91.30859375,87,177
3,2,0.2718229293823242,92.1875,88,177
3,2,0.27354156970977783,92.67578125,89,177
3,2,0.25879842042922974,92.3828125,90,177
3,2,0.3114337623119354,90.4296875,91,177
3,2,0.25096407532691956,91.89453125,92,177
3,2,0.30370932817459106,91.30859375,93,177
3,2,0.2658268213272095,92.87109375,94,177
3,2,0.23736907541751862,93.359375,95,177
3,2,0.25683873891830444,92.87109375,96,177
3,2,0.23515349626541138,94.04296875,97,177
3,2,0.30036264657974243,90.8203125,98,177
3,2,0.3127814829349518,91.015625,99,177
3,2,0.256804883480072,92.3828125,100,177
3,2,0.28480470180511475,92.28515625,101,177
3,2,0.2258720099925995,93.06640625,102,177
3,2,0.299884170293808,92.28515625,103,177
3,2,0.20887500047683716,93.5546875,104,177
3,2,0.25377902388572693,92.7734375,105,177
3,2,0.2316518872976303,93.26171875,106,177
3,2,0.24878329038619995,92.67578125,107,177
3,2,0.20388375222682953,94.43359375,108,177
3,2,0.24247539043426514,92.87109375,109,177
3,2,0.23708084225654602,93.45703125,110,177
3,2,0.27845054864883423,93.1640625,111,177
3,2,0.25829070806503296,92.578125,112,177
3,2,0.2752310633659363,92.1875,113,177
3,2,0.2791893482208252,92.28515625,114,177
3,2,0.253713458776474,92.96875,115,177
3,2,0.2362203299999237,92.67578125,116,177
3,2,0.24511921405792236,92.3828125,117,177
3,2,0.21242402493953705,93.75,118,177
3,3,0.24507999420166016,93.26171875,119,177
3,3,0.21573464572429657,93.5546875,120,177
3,3,0.23897123336791992,91.9921875,121,177
3,3,0.21927765011787415,94.23828125,122,177
3,3,0.20569461584091187,94.04296875,123,177
3,3,0.22761905193328857,94.140625,124,177
3,3,0.2153683751821518,93.5546875,125,177
3,3,0.24569980800151825,93.5546875,126,177
3,3,0.19018089771270752,94.23828125,127,177
3,3,0.2209152728319168,93.65234375,128,177
3,3,0.23836731910705566,92.48046875,129,177
3,3,0.23760002851486206,94.140625,130,177
3,3,0.24957579374313354,92.96875,131,177
3,3,0.25924885272979736,92.3828125,132,177
3,3,0.23326510190963745,93.359375,133,177
3,3,0.22815543413162231,92.7734375,134,177
3,3,0.24475142359733582,92.3828125,135,177
3,3,0.22107663750648499,94.140625,136,177
3,3,0.24934817850589752,93.45703125,137,177
3,3,0.22891856729984283,92.87109375,138,177
3,3,0.1961384415626526,94.82421875,139,177
3,3,0.18079796433448792,94.921875,140,177
3,3,0.2009078860282898,93.9453125,141,177
3,3,0.21452844142913818,92.7734375,142,177
3,3,0.22730210423469543,93.06640625,143,177
3,3,0.2167716920375824,93.45703125,144,177
3,3,0.2266676425933838,93.5546875,145,177
3,3,0.2433217167854309,92.96875,146,177
3,3,0.1916489154100418,94.82421875,147,177
3,3,0.2282409369945526,93.65234375,148,177
3,3,0.18911021947860718,95.5078125,149,177
3,3,0.2231656312942505,93.26171875,150,177
3,3,0.19934788346290588,94.82421875,151,177
3,3,0.24217644333839417,93.359375,152,177
3,3,0.2113281488418579,93.5546875,153,177
3,3,0.17798733711242676,94.140625,154,177
3,3,0.19421294331550598,94.53125,155,177
3,3,0.2214997112751007,93.9453125,156,177
3,3,0.20074684917926788,94.23828125,157,177
3,3,0.22359372675418854,93.75,158,177
3,3,0.22300958633422852,93.359375,159,177
3,3,0.18475498259067535,94.7265625,160,177
3,3,0.19442978501319885,93.75,161,177
3,3,0.19711647927761078,95.21484375,162,177
3,3,0.19716063141822815,94.7265625,163,177
3,3,0.20355157554149628,93.9453125,164,177
3,3,0.24950315058231354,93.06640625,165,177
3,3,0.22056284546852112,93.9453125,166,177
3,3,0.2369956523180008,93.5546875,167,177
3,3,0.1584138572216034,95.3125,168,177
3,3,0.19496920704841614,94.53125,169,177
3,3,0.19481225311756134,94.23828125,170,177
3,3,0.23664328455924988,93.45703125,171,177
3,3,0.18591126799583435,94.7265625,172,177
3,3,0.23083984851837158,92.578125,173,177
3,3,0.15376697480678558,96.2890625,174,177
3,3,0.1652974933385849,95.60546875,175,177
3,3,0.19892048835754395,94.23828125,176,177
3,3,0.18908438086509705,95.2302634716034,177,177
4,1,2.3078675270080566,5.37109375,1,177
4,1,2.2658934593200684,30.37109375,2,177
4,1,2.2309799194335938,42.48046875,3,177
4,1,2.1779065132141113,54.98046875,4,177
4,1,2.129714250564575,58.203125,5,177
4,1,2.069633960723877,59.66796875,6,177
4,1,1.9856033325195312,63.76953125,7,177
4,1,1.8995132446289062,65.4296875,8,177
4,1,1.8179678916931152,66.69921875,9,177
4,1,1.70667564868927,71.6796875,10,177
4,1,1.6064379215240479,72.65625,11,177
4,1,1.5199298858642578,72.55859375,12,177
4,1,1.385466456413269,73.92578125,13,177
4,1,1.282463788986206,77.05078125,14,177
4,1,1.2103110551834106,76.3671875,15,177
4,1,1.1419405937194824,78.61328125,16,177
4,1,1.0118868350982666,78.41796875,17,177
4,1,0.9435430765151978,78.90625,18,177
4,1,0.8866289854049683,78.515625,19,177
4,1,0.7963777780532837,82.91015625,20,177
4,1,0.7764109373092651,81.34765625,21,177
4,1,0.7153302431106567,81.73828125,22,177
4,1,0.7005910873413086,80.76171875,23,177
4,1,0.6866183876991272,79.98046875,24,177
4,1,0.589570939540863,84.1796875,25,177
4,1,0.6169276237487793,81.54296875,26,177
4,1,0.5659105777740479,83.203125,27,177
4,1,0.5183199644088745,84.765625,28,177
4,1,0.5175317525863647,84.08203125,29,177
4,1,0.4870176613330841,85.83984375,30,177
4,1,0.5145254731178284,86.03515625,31,177
4,1,0.40193888545036316,88.37890625,32,177
4,1,0.4512336254119873,86.42578125,33,177
4,1,0.47021186351776123,85.83984375,34,177
4,1,0.4819490909576416,86.328125,35,177
4,1,0.43610575795173645,87.5,36,177
4,1,0.3878490626811981,88.96484375,37,177
4,1,0.4219300150871277,88.0859375,38,177
4,1,0.4124853312969208,88.76953125,39,177
4,1,0.4279891550540924,87.40234375,40,177
4,1,0.3757849931716919,88.37890625,41,177
4,1,0.3557712435722351,89.453125,42,177
4,1,0.34250307083129883,91.2109375,43,177
4,1,0.39604392647743225,88.671875,44,177
4,1,0.3961789906024933,87.79296875,45,177
4,1,0.44972312450408936,87.6953125,46,177
4,1,0.3872530460357666,88.0859375,47,177
4,1,0.3718987703323364,90.13671875,48,177
4,1,0.38077884912490845,89.84375,49,177
4,1,0.3195558190345764,91.6015625,50,177
4,1,0.35455286502838135,90.33203125,51,177
4,1,0.33002620935440063,89.94140625,52,177
4,1,0.3508659601211548,90.234375,53,177
4,1,0.3559909760951996,89.55078125,54,177
4,1,0.34035903215408325,89.2578125,55,177
4,1,0.33239901065826416,90.52734375,56,177
4,1,0.3541836440563202,88.37890625,57,177
4,1,0.3067947030067444,90.8203125,58,177
4,1,0.28714612126350403,91.61184430122375,59,177
4,2,0.3116258382797241,90.72265625,60,177
4,2,0.39723652601242065,89.453125,61,177
4,2,0.2890622615814209,90.625,62,177
4,2,0.32157501578330994,90.13671875,63,177
4,2,0.3267759680747986,90.4296875,64,177
4,2,0.3335459232330322,90.8203125,65,177
4,2,0.34248214960098267,89.84375,66,177
4,2,0.28733474016189575,91.796875,67,177
4,2,0.2946494519710541,90.52734375,68,177
4,2,0.312655508518219,91.50390625,69,177
4,2,0.30939364433288574,91.89453125,70,177
4,2,0.2674452066421509,91.6015625,71,177
4,2,0.30767714977264404,90.8203125,72,177
4,2,0.27481356263160706,91.50390625,73,177
4,2,0.2973598539829254,91.6015625,74,177
4,2,0.32303857803344727,89.84375,75,177
4,2,0.2853681743144989,91.6015625,76,177
4,2,0.29030558466911316,91.11328125,77,177
4,2,0.3272632956504822,90.4296875,78,177
4,2,0.263769268989563,92.1875,79,177
4,2,0.3108742833137512,89.35546875,80,177
4,2,0.286807119846344,92.08984375,81,177
4,2,0.30549144744873047,91.9921875,82,177
4,2,0.2738717198371887,92.67578125,83,177
4,2,0.3329213857650757,90.52734375,84,177
4,2,0.2975018620491028,92.08984375,85,177
4,2,0.28154274821281433,91.30859375,86,177
4,2,0.2754404544830322,91.796875,87,177
4,2,0.284512460231781,91.796875,88,177
4,2,0.27169519662857056,91.6015625,89,177
4,2,0.23931622505187988,93.26171875,90,177
4,2,0.3354538083076477,90.72265625,91,177
4,2,0.3146190643310547,90.52734375,92,177
4,2,0.28822073340415955,92.3828125,93,177
4,2,0.3470170497894287,89.55078125,94,177
4,2,0.256844699382782,93.06640625,95,177
4,2,0.2618185877799988,91.796875,96,177
4,2,0.27450481057167053,92.87109375,97,177
4,2,0.2896476089954376,91.9921875,98,177
4,2,0.2731090784072876,91.6015625,99,177
4,2,0.27532893419265747,92.28515625,100,177
4,2,0.24816429615020752,92.87109375,101,177
4,2,0.33365610241889954,90.234375,102,177
4,2,0.2435082048177719,92.578125,103,177
4,2,0.2629033923149109,92.87109375,104,177
4,2,0.27679166197776794,92.08984375,105,177
4,2,0.26229938864707947,92.87109375,106,177
4,2,0.250114381313324,92.67578125,107,177
4,2,0.271074116230011,92.578125,108,177
4,2,0.22593198716640472,92.96875,109,177
4,2,0.22718623280525208,93.359375,110,177
4,2,0.25267651677131653,93.75,111,177
4,2,0.2597607374191284,93.5546875,112,177
4,2,0.2658562660217285,91.69921875,113,177
4,2,0.2911846339702606,90.4296875,114,177
4,2,0.26566416025161743,92.08984375,115,177
4,2,0.28145718574523926,92.3828125,116,177
4,2,0.25555866956710815,93.359375,117,177
4,2,0.22882318496704102,92.76315569877625,118,177
4,3,0.26116621494293213,92.3828125,119,177
4,3,0.21930497884750366,93.26171875,120,177
4,3,0.28972434997558594,91.30859375,121,177
4,3,0.2658774256706238,92.28515625,122,177
4,3,0.23559831082820892,92.96875,123,177
4,3,0.22954237461090088,93.5546875,124,177
4,3,0.23461613059043884,93.26171875,125,177
4,3,0.23496706783771515,93.06640625,126,177
4,3,0.1975805163383484,94.140625,127,177
4,3,0.23583170771598816,93.26171875,128,177
4,3,0.2649418115615845,92.3828125,129,177
4,3,0.2587556838989258,92.67578125,130,177
4,3,0.26944977045059204,92.7734375,131,177
4,3,0.228897362947464,92.1875,132,177
4,3,0.2311379313468933,94.23828125,133,177
4,3,0.23420682549476624,92.87109375,134,177
4,3,0.274736225605011,92.3828125,135,177
4,3,0.25871503353118896,92.1875,136,177
4,3,0.2690587043762207,92.08984375,137,177
4,3,0.2200012505054474,94.23828125,138,177
4,3,0.215971440076828,95.01953125,139,177
4,3,0.2258441001176834,93.75,140,177
4,3,0.21926501393318176,93.75,141,177
4,3,0.23085078597068787,92.96875,142,177
4,3,0.2426096647977829,93.1640625,143,177
4,3,0.2217763364315033,93.5546875,144,177
4,3,0.20014366507530212,94.23828125,145,177
4,3,0.24526675045490265,93.1640625,146,177
4,3,0.23993022739887238,92.578125,147,177
4,3,0.24017392098903656,93.9453125,148,177
4,3,0.18399783968925476,94.53125,149,177
4,3,0.2103729248046875,93.84765625,150,177
4,3,0.19060760736465454,94.3359375,151,177
4,3,0.2220797836780548,93.359375,152,177
4,3,0.19873176515102386,93.65234375,153,177
4,3,0.2638498544692993,92.96875,154,177
4,3,0.22580406069755554,93.06640625,155,177
4,3,0.19463393092155457,93.75,156,177
4,3,0.21676155924797058,93.45703125,157,177
4,3,0.21407350897789001,94.53125,158,177
4,3,0.2107873409986496,93.26171875,159,177
4,3,0.2402852475643158,93.75,160,177
4,3,0.19288073480129242,94.140625,161,177
4,3,0.2202477902173996,94.7265625,162,177
4,3,0.21384228765964508,93.9453125,163,177
4,3,0.1905672550201416,94.23828125,164,177
4,3,0.2274252325296402,93.84765625,165,177
4,3,0.20840764045715332,94.23828125,166,177
4,3,0.19180239737033844,94.921875,167,177
4,3,0.2438667118549347,93.06640625,168,177
4,3,0.20328198373317719,94.82421875,169,177
4,3,0.18238380551338196,95.41015625,170,177
4,3,0.25314489006996155,93.06640625,171,177
4,3,0.1930360049009323,94.82421875,172,177
4,3,0.19765296578407288,93.359375,173,177
4,3,0.20864054560661316,94.23828125,174,177
4,3,0.19411414861679077,94.53125,175,177
4,3,0.18150587379932404,94.43359375,176,177
4,3,0.18835000693798065,95.55920958518982,177,177
5,1,2.303227663040161,9.1796875,1,177
5,1,2.269491195678711,24.609375,2,177
5,1,2.228736639022827,42.28515625,3,177
5,1,2.1915383338928223,54.4921875,4,177
5,1,2.135054588317871,66.11328125,5,177
5,1,2.079355001449585,68.9453125,6,177
5,1,2.000603675842285,73.828125,7,177
5,1,1.9363718032836914,71.6796875,8,177
5,1,1.8504124879837036,73.53515625,9,177
5,1,1.7552108764648438,71.58203125,10,177
5,1,1.633352518081665,75.29296875,11,177
5,1,1.53758704662323,72.65625,12,177
5,1,1.4512546062469482,74.31640625,13,177
5,1,1.3851253986358643,74.51171875,14,177
5,1,1.2516608238220215,77.24609375,15,177
5,1,1.1638970375061035,79.58984375,16,177
5,1,1.0741887092590332,79.8828125,17,177
5,1,0.9742329716682434,80.2734375,18,177
5,1,0.9451524615287781,80.46875,19,177
5,1,0.8758225440979004,79.6875,20,177
5,1,0.8131437301635742,81.54296875,21,177
5,1,0.7691175937652588,81.73828125,22,177
5,1,0.7363990545272827,81.640625,23,177
5,1,0.6196037530899048,84.08203125,24,177
5,1,0.6319993138313293,83.49609375,25,177
5,1,0.5797737836837769,84.86328125,26,177
5,1,0.5622861981391907,84.9609375,27,177
5,1,0.5334440469741821,83.49609375,28,177
5,1,0.5683302283287048,83.69140625,29,177
5,1,0.4887072443962097,87.109375,30,177
5,1,0.5100048780441284,85.15625,31,177
5,1,0.4529266953468323,87.40234375,32,177
5,1,0.4572707712650299,86.81640625,33,177
5,1,0.44072484970092773,87.20703125,34,177
5,1,0.4008277356624603,87.6953125,35,177
5,1,0.3966333866119385,88.4765625,36,177
5,1,0.44150733947753906,86.9140625,37,177
5,1,0.43277230858802795,88.28125,38,177
5,1,0.37681901454925537,88.28125,39,177
5,1,0.4455532431602478,86.23046875,40,177
5,1,0.3792549669742584,89.0625,41,177
5,1,0.40139269828796387,87.59765625,42,177
5,1,0.41879788041114807,86.5234375,43,177
5,1,0.3781123757362366,88.4765625,44,177
5,1,0.39496171474456787,89.453125,45,177
5,1,0.37135887145996094,89.84375,46,177
5,1,0.35060715675354004,89.6484375,47,177
5,1,0.357269287109375,90.234375,48,177
5,1,0.39665883779525757,86.71875,49,177
5,1,0.3931306004524231,88.8671875,50,177
5,1,0.39015328884124756,88.8671875,51,177
5,1,0.3499332666397095,89.6484375,52,177
5,1,0.4121168851852417,87.890625,53,177
5,1,0.3184618651866913,90.625,54,177
5,1,0.3613640069961548,89.453125,55,177
5,1,0.3261047601699829,91.30859375,56,177
5,1,0.33528339862823486,90.4296875,57,177
5,1,0.2985000014305115,91.11328125,58,177
5,1,0.3295624256134033,91.44737124443054,59,177
5,2,0.3389025330543518,90.52734375,60,177
5,2,0.2900174558162689,90.52734375,61,177
5,2,0.32020342350006104,90.91796875,62,177
5,2,0.32856643199920654,90.234375,63,177
5,2,0.3234289288520813,91.9921875,64,177
5,2,0.3145599663257599,91.89453125,65,177
5,2,0.33245131373405457,90.625,66,177
5,2,0.3193857669830322,90.625,67,177
5,2,0.29733672738075256,91.9921875,68,177
5,2,0.29211267828941345,91.40625,69,177
5,2,0.3127889931201935,91.11328125,70,177
5,2,0.29950177669525146,91.30859375,71,177
5,2,0.2942783832550049,91.69921875,72,177
5,2,0.3317054510116577,91.2109375,73,177
5,2,0.24127039313316345,92.28515625,74,177
5,2,0.28674089908599854,92.1875,75,177
5,2,0.2979021668434143,91.89453125,76,177
5,2,0.3043515980243683,90.4296875,77,177
5,2,0.3001570999622345,90.13671875,78,177
5,2,0.2670699656009674,91.796875,79,177
5,2,0.3099050223827362,91.796875,80,177
5,2,0.26995712518692017,92.08984375,81,177
5,2,0.34710171818733215,90.625,82,177
5,2,0.2572953701019287,92.3828125,83,177
5,2,0.2767183184623718,92.08984375,84,177
5,2,0.28632208704948425,91.11328125,85,177
5,2,0.31415775418281555,91.11328125,86,177
5,2,0.281669557094574,92.1875,87,177
5,2,0.34091249108314514,90.234375,88,177
5,2,0.250329852104187,92.48046875,89,177
5,2,0.26102736592292786,93.75,90,177
5,2,0.24538487195968628,92.67578125,91,177
5,2,0.301791250705719,90.33203125,92,177
5,2,0.2826060652732849,92.28515625,93,177
5,2,0.2527395188808441,92.87109375,94,177
5,2,0.2757975161075592,91.30859375,95,177
5,2,0.27735117077827454,91.40625,96,177
5,2,0.2834285795688629,90.91796875,97,177
5,2,0.3020469546318054,92.08984375,98,177
5,2,0.3127903342247009,91.796875,99,177
5,2,0.22385084629058838,93.5546875,100,177
5,2,0.2642063498497009,93.75,101,177
5,2,0.25467967987060547,92.48046875,102,177
5,2,0.2875979542732239,91.69921875,103,177
5,2,0.26138821244239807,91.9921875,104,177
5,2,0.27939164638519287,92.1875,105,177
5,2,0.24305595457553864,92.28515625,106,177
5,2,0.27105772495269775,91.2109375,107,177
5,2,0.23070955276489258,92.87109375,108,177
5,2,0.24587741494178772,92.67578125,109,177
5,2,0.275219202041626,92.96875,110,177
5,2,0.2308603823184967,93.359375,111,177
5,2,0.26453936100006104,92.96875,112,177
5,2,0.2684749662876129,92.87109375,113,177
5,2,0.22671294212341309,93.06640625,114,177
5,2,0.27193301916122437,92.1875,115,177
5,2,0.26538699865341187,92.7734375,116,177
5,2,0.2573407292366028,92.67578125,117,177
5,2,0.31356143951416016,90.78947305679321,118,177
5,3,0.28260502219200134,92.67578125,119,177
5,3,0.2728504538536072,92.67578125,120,177
5,3,0.2500286102294922,93.75,121,177
5,3,0.24896571040153503,92.87109375,122,177
5,3,0.19632703065872192,94.43359375,123,177
5,3,0.221412792801857,94.140625,124,177
5,3,0.23092572391033173,93.5546875,125,177
5,3,0.22554421424865723,93.45703125,126,177
5,3,0.27378320693969727,93.45703125,127,177
5,3,0.20553657412528992,94.3359375,128,177
5,3,0.1933947503566742,94.921875,129,177
5,3,0.2779587209224701,91.6015625,130,177
5,3,0.1999824196100235,94.82421875,131,177
5,3,0.2378663271665573,93.65234375,132,177
5,3,0.2018357217311859,94.04296875,133,177
5,3,0.196399986743927,94.140625,134,177
5,3,0.2306739240884781,93.45703125,135,177
5,3,0.2563530206680298,92.7734375,136,177
5,3,0.23529700934886932,93.75,137,177
5,3,0.21892349421977997,93.1640625,138,177
5,3,0.18442924320697784,94.53125,139,177
5,3,0.21688437461853027,93.65234375,140,177
5,3,0.20479783415794373,93.84765625,141,177
5,3,0.22400504350662231,93.75,142,177
5,3,0.183546781539917,94.3359375,143,177
5,3,0.20311647653579712,93.65234375,144,177
5,3,0.24173416197299957,92.578125,145,177
5,3,0.22117625176906586,93.359375,146,177
5,3,0.192466139793396,95.60546875,147,177
5,3,0.20736505091190338,93.5546875,148,177
5,3,0.1820373833179474,93.84765625,149,177
5,3,0.17159149050712585,95.1171875,150,177
5,3,0.17244663834571838,95.1171875,151,177
5,3,0.18503829836845398,94.53125,152,177
5,3,0.20309939980506897,93.5546875,153,177
5,3,0.23883900046348572,93.359375,154,177
5,3,0.19354940950870514,94.04296875,155,177
5,3,0.2634999752044678,91.6015625,156,177
5,3,0.23404255509376526,93.5546875,157,177
5,3,0.20184892416000366,95.3125,158,177
5,3,0.2099093645811081,93.65234375,159,177
5,3,0.20161783695220947,94.62890625,160,177
5,3,0.2030981183052063,94.82421875,161,177
5,3,0.22300735116004944,93.06640625,162,177
5,3,0.24247083067893982,92.67578125,163,177
5,3,0.17421452701091766,95.41015625,164,177
5,3,0.18135054409503937,94.43359375,165,177
5,3,0.23743489384651184,93.9453125,166,177
5,3,0.2346651554107666,93.26171875,167,177
5,3,0.20920595526695251,93.84765625,168,177
5,3,0.1667008101940155,94.921875,169,177
5,3,0.21825836598873138,93.45703125,170,177
5,3,0.2342611849308014,93.45703125,171,177
5,3,0.18248608708381653,95.21484375,172,177
5,3,0.2337905764579773,92.96875,173,177
5,3,0.2282494306564331,93.1640625,174,177
5,3,0.20426048338413239,95.1171875,175,177
5,3,0.20662569999694824,94.140625,176,177
5,3,0.1951538324356079,94.24341917037964,177,177
